{
    "friends":{
    
        "row":[
                           {
                           "userId":"1",
                           "userName":"怕瓦落地",
                           "photo":"http://weixintest.ihk.cn/ihkwx_upload/commentPic/20160307/14573358906810.JPEG",
                           "phoneNO":"18834919794"
                           },
                           {
                           "userId":"2",
                           "userName":"安娜",
                           "photo":"http://weixintest.ihk.cn/ihkwx_upload/commentPic/20160503/14622764778932thumbnail.jpg",
                           "phoneNO":"18834919794"
                           },
                           {
                           "userId":"3",
                           "userName":"毕加索",
                           "photo":"http://weixintest.ihk.cn/ihkwx_upload/commentPic/20160426/14616659617000.jpg",
                           "phoneNO":"18834919794"
                           },
                           {
                           "userId":"4",
                           "userName":"曹颖",
                           "photo":"http://weixintest.ihk.cn/ihkwx_upload/commentPic/20160519/14636463273461.JPEG",
                           "phoneNO":"18834919794"
                           },
                           {
                           "userId":"5",
                           "userName":"李白",
                           "photo":"http://weixintest.ihk.cn/ihkwx_upload/userPhoto/15914867203-1461920972642.jpg",
                           "phoneNO":"18834919794"
                           },
                           {
                           "userId":"6",
                           "userName":"黄家驹",
                           "photo":"http://q.qlogo.cn/qqapp/1104706859/189AA89FAADD207E76D066059F924AE0/100",
                           "phoneNO":"18834919794"
                           },
                           {
                           "userId":"7",
                           "userName":"曹操",
                           "photo":"http://q.qlogo.cn/qqapp/1104706859/189AA89FAADD207E76D066059F924AE0/100",
                           "phoneNO":"18834919794"
                           },
                           {
                           "userId":"8",
                           "userName":"吴越",
                           "photo":"http://weixintest.ihk.cn/ihkwx_upload/commentPic/20160519/14636417251850.jpg",
                           "phoneNO":"18834919794"
                           },
                           {
                           "userId":"9",
                           "userName":"刘能",
                           "photo":"http://weixintest.ihk.cn/ihkwx_upload/commentPic/20160519/14636417276611.jpg",
                           "phoneNO":"18834919794"
                           },
                           {
                           "userId":"10",
                           "userName":"杨凯",
                           "photo":"http://weixintest.ihk.cn/ihkwx_upload/commentPic/20160519/14636417292422.jpg",
                           "phoneNO":"18834919794"
                           },
                           {
                           "userId":"11",
                           "userName":"林立果",
                           "photo":"http://weixintest.ihk.cn/ihkwx_upload/userPhoto/13719162910-1463115526444.jpg",
                           "phoneNO":"18834919794"
                           },
                           {
                           "userId":"12",
                           "userName":"唐诗曼",
                           "photo":"http://weixintest.ihk.cn/ihkwx_upload/commentPic/20160513/14631262033360.JPEG",
                           "phoneNO":"18834919794"
                           },
                           {
                           "userId":"13",
                           "userName":"苏轼",
                           "photo":"http://weixintest.ihk.cn/ihkwx_upload/commentPic/20160513/14631262036611.JPEG",
                           "phoneNO":"18834919794"
                           },
                           {
                           "userId":"14",
                           "userName":"郑爽",
                           "photo":"http://weixintest.ihk.cn/ihkwx_upload/commentPic/20160513/14631262041612.JPEG",
                           "phoneNO":"18834919794"
                           },
                           {
                           "userId":"15",
                           "userName":"丁小龙",
                           "photo":"http://weixintest.ihk.cn/ihkwx_upload/commentPic/20160513/14631262041643.JPEG",
                           "phoneNO":"18834919794"
                           },
                           {
                           "userId":"16",
                           "userName":"李代末",
                           "photo":"http://weixintest.ihk.cn/ihkwx_upload/commentPic/20160513/14631262041664.JPEG",
                           "phoneNO":"18834919794"
                           },
                           {
                           "userId":"17",
                           "userName":"郑智化",
                           "photo":"http://weixintest.ihk.cn/ihkwx_upload/commentPic/20160513/14631262041705.JPEG",
                           "phoneNO":"18834919794"
                           },
                           {
                           "userId":"18",
                           "userName":"曹云金",
                           "photo":"http://weixintest.ihk.cn/ihkwx_upload/commentPic/20160513/14631262041736.JPEG",
                           "phoneNO":"18834919794"
                           },
                           {
                           "userId":"19",
                           "userName":"赵四",
                           "photo":"http://weixintest.ihk.cn/ihkwx_upload/commentPic/20160513/14631262041777.JPEG",
                           "phoneNO":"18834919794"
                           },
                           {
                           "userId":"20",
                           "userName":"李丽",
                           "photo":"http://weixintest.ihk.cn/ihkwx_upload/commentPic/20160513/14631262041808.JPEG",
                           "phoneNO":"18834919794"
                           },
                           {
                           "userId":"21",
                           "userName":"王五",
                           "photo":"http://weixintest.ihk.cn/ihkwx_upload/commentPic/20160513/14631233468840.JPEG",
                           "phoneNO":"18834919794"
                           }
                           ]
    }
}